from_phase,to_phase,interaction_type,d_coupling,c_coupling,balance_transfer,crisis_trigger,constraint_propagation,visibility,notes
0,1,paradigm_displacement,0.60,0.70,partial,commodity_money_displaces_barter,medium,Low,Coinage absorbs and formalizes the weight-standard C outputs of Phase 0. Gift network D constraints are not fully dissolved.
1,2,institutional_layering,0.55,0.75,partial,roman_collapse_and_church_continuity,medium,Low-Medium,Roman commercial law structures (C from Phase 1) are absorbed into canon law and merchant custom. Empire administration D dissolves but is replaced by church and guild D.
2,3,scale_shift,0.70,0.80,direct,printing_press_and_state_consolidation,high,Medium,Double-entry bookkeeping C from Phase 2 directly enables state finance and joint-stock instruments. Usury D is partially resolved by new legal fictions (commenda partnership).
3,4,paradigm_inversion,0.50,0.85,direct,industrial_revolution_invalidates_bullionist_doctrine,medium,Medium,Joint-stock and national debt C from Phase 3 is absorbed into classical theory's treatment of capital. Bullionist D is analytically demolished by Smith and Hume.
4,5,methodological_revolution,0.40,0.90,direct,mathematical_tools_available_continental_europe,low,High,Comparative advantage and price theory C from Phase 4 is re-derived in utility terms by marginalists. Labor D (labor theory of value) is dissolved by marginal utility. Clean break.
5,6,crisis_driven_replacement,0.30,0.85,partial,great_depression_1929_unemployment_persistence,high,High,Equilibrium framework D from Phase 5 becomes a constraint (cannot explain unemployment). Marginalist micro C survives as the foundation for Keynesian macro. N collapses at Phase 5.
6,7,stress_response,0.70,0.80,partial,stagflation_1973_1979,high,High,Keynesian fiscal tools C from Phase 6 survive but are subordinated. Bretton Woods D collapses 1971. Multiplier theory D is challenged by rational expectations critique.
7,8,consolidation,0.80,0.85,direct,berlin_wall_fall_and_ussr_collapse_1989,low,High,Monetarist and deregulation C from Phase 7 is institutionalized as Washington Consensus. Keynesian D is reduced to a residual. Rational expectations D becomes mainstream.
8,9,systemic_failure,0.20,0.60,partial,global_financial_crisis_2008,critical,High,Efficient market H and DSGE D from Phase 8 are falsified. C outputs (financial engineering instruments) become toxic. No clear replacement N has emerged. Child N is pending.
