value_phase_id,value_phase_name,value_category,definition_scope,typical_time_scale,transparency_level,D_parameters,C_parameters,balance_target,energy_base,notes
0,Geological Occurrence (Value Context),Value,Project economics pre-production,Annual,Medium,"D1:capital_risk|D2:permit_uncertainty|D3:timeline_rigidity|D4:exploration_budget_constraints|D5:reserve_confidence","C1:capital_access|C2:partner_network|C3:information_quality|C4:portfolio_diversification|C5:regulatory_navigation",0.75,10.0,"Value-layer interpretation only; do not infer physical discovery rates."
1,Mining (Value Context),Value,Operating cost structure at mine stage,Quarterly,High,"D1:fixed_cost_burden|D2:cost_inflation_exposure|D3:contract_rigidity|D4:tax_royalty_constraints|D5:capex_commitments","C1:supplier_diversity|C2:operational_flexibility|C3:energy_optionality|C4:workforce_flexibility|C5:market_access",0.85,8.0,"Maps to mining economics (AISC, cash cost) without mixing with physical flow metrics."
2,Processing (Value Context),Value,Treatment/processing economics,Quarterly,Medium,"D1:reagent_cost_constraints|D2:throughput_contracts|D3:quality_spec_penalties|D4:waste_compliance_costs|D5:capacity_limits","C1:processing_optionality|C2:technology_alternatives|C3:water_access_flex|C4:byproduct_monetization|C5:information_systems",0.85,8.0,"Treatment charges and penalties are often opaque; mark OPAQUE explicitly."
3,Doré / Intermediate (Value Context),Value,Intermediate product economics,Quarterly,Medium,"D1:assay_dispute_risk|D2:financing_terms|D3:security_costs|D4:documentation_burden|D5:timing_constraints","C1:refinery_counterparties|C2:assay_services|C3:transport_provider_options|C4:trade_terms_flex|C5:traceability_systems",0.80,10.0,"Value frictions often arise from disputes/terms rather than physical constraints."
4,Refining (Value Context),Value,Refining fee stack & throughput economics,Quarterly,Medium,"D1:accreditation_requirements|D2:fee_schedule_rigidity|D3:capacity_constraints|D4:compliance_costs|D5:working_capital_lockup","C1:refinery_network|C2:client_diversity|C3:technology_adoption|C4:logistics_integration|C5:documentation_systems",0.80,9.0,"Refining fees often private; capture as opaque when needed."
5,Casting & Assay (Value Context),Value,Certification/casting economics,Quarterly,Medium-High,"D1:assay_precision_requirements|D2:rejection_costs|D3:documentation_requirements|D4:storage_costs|D5:standard_compliance","C1:certification_paths|C2:exchange_relationships|C3:workflow_integration|C4:quality_systems|C5:traceability_integration",0.85,7.0,"Primarily service/fee economics."
6,Logistics & Vaulting (Value Context),Value,Transport/security/insurance economics,Quarterly,Low,"D1:security_protocol_costs|D2:insurance_requirements|D3:jurisdictional_limits|D4:route_constraints|D5:time_sensitivity","C1:route_diversity|C2:provider_options|C3:insurance_access|C4:client_access|C5:information_opacity",0.50,20.0,"Structurally opaque; treat opacity as a result."
7,Exchange / Market Interface (Value Context),Value,Exchange-related value frictions,Daily-Quarterly,High,"D1:exchange_rules|D2:delivery_terms|D3:warehouse_fees|D4:settlement_constraints|D5:regulatory_costs","C1:participant_diversity|C2:clearing_integration|C3:market_access|C4:information_transparency|C5:settlement_flexibility",0.85,7.0,"Value-chain only; keep separate from physical COMEX inventory reconciliation logic."
8,Recycling (Value Context),Value,Recycling economics and fee stack,Quarterly,Medium,"D1:collection_costs|D2:feedstock_variability|D3:processing_constraints|D4:compliance_costs|D5:throughput_limits","C1:collection_network|C2:sorting_integration|C3:refinery_relationships|C4:technology_providers|C5:market_integration",0.80,6.0,"Recycling can reduce cost/waste; value modeling must remain separate from physical mass flow."
