phase_id,phase_name,phase_category,physical_state_in,physical_state_out,primary_transformation,typical_time_scale,transparency_level,measurable_output,output_unit,D_parameters,C_parameters,data_status,notes
0,Raw Material Extraction,Pre-supply,"Butane/LPG in subsurface reservoir; PP resin monomer (propylene); steel ore; cerium/iron ore","Liquefied butane (pressurized); PP resin pellets; steel coil; ferrocerium alloy rod stock",Chemical/geological extraction and refining,Years,Medium,"Global LPG production volume; PP resin output; ferrocerium alloy production","MT/year (LPG); MT/year (PP resin)","ISO purity specification for butane (>95% isobutane+normal butane); PP resin MFI spec for injection molding; ferrocerium alloy composition (Ce:Fe ratio); geological reserve constraints; regulatory safety classifications for LPG","Global LPG supply to petrochemical sector; PP resin delivered to Chinese compounders and molders; ferrocerium rod stock shipped to Wenzhou component manufacturers; steel coil to spring stamping facilities",POPULATED,"Raw material feedstocks are globally traded commodities with published spot prices and trade statistics. Butane: NYMEX C4 spot (CME Group); PP resin: ICIS Polyolefins benchmark. China is a net importer of LPG; domestic propylene production feeds PP resin industry. Sources: WLPGA Annual Report 2023; IEA Oil Market Report 2023; ICIS Polyolefins Price Report; LME steel; Fastmarkets minor metals (ferrocerium estimated)."
1,Component Manufacturing,Upstream,"PP resin pellets; steel coil; ferrocerium alloy rod stock; brass/zinc alloy billet","30+ discrete precision components: body halves (PP); valve assembly; nozzle; flint wheel (steel); flint rod (ferrocerium); compression spring (steel); O-ring (nitrile rubber); child-resistance lever","Injection molding (PP body); die casting (valve/nozzle); stamping (spring); turning (flint rod); casting (wheel)",Continuous,Low,"Component piece-part counts and tolerances; mold cycle time; reject rate","units/hour/mold; mm tolerance (±0.05mm)","ISO 9994 dimensional tolerances for all safety-critical components; child-resistance lever geometry (EN 13869 spec); pressure vessel wall thickness minimum (body halves); flint wheel serration depth and pitch; valve spring preload specification; mold steel grade and temperature; cycle time upper bound (12 sec for body half)","30+ precision components delivered per lighter unit assembled; typical daily output per factory: 500,000 units equivalent (component basis); component cost per lighter unit: ~$0.04 at scale; reject rate <2% at Tier-1 Wenzhou factories",PARTIAL,"Component manufacturing is concentrated in Wenzhou/Zhejiang with approximately 3,000 registered manufacturers (CLCA). The sector is LOW transparency because most factories are private, unlisted, and do not publish production data. Piece-part costs are inferred from FOB price decomposition and Alibaba OEM listings. Mold cycle times from Plastics Technology trade press benchmarks. Employment from China NBS light industry survey. Sources: CLCA; China NBS; Alibaba; Plastics Technology; estimated."
2,Lighter Assembly,Upstream,"30+ discrete components; butane gas (pressurized cylinder at point of fill)","Sealed; gas-filled; assembled lighter body (pre-certification)",Mechanical assembly (body); valve insertion; wheel and flint installation; butane filling; crimping/sealing,Continuous,Low,"Units assembled per line per shift; butane fill weight per unit (approx 4g); seal integrity pass rate","units/hour; grams butane/unit","Butane fill specification: 4.0±0.2g per unit; crimp torque specification (valve to body); alignment tolerance for child-resistance lever; in-line leak test pass criterion; minimum fuel pressure at 20°C; assembly sequence must follow ISO 9994 validated build plan","~10 billion units assembled per year globally (China dominant); typical throughput 400 units/worker/hour on semi-automated line; factory gate FOB price: $0.10-$0.15 generic; $0.16-$0.22 branded OEM spec; labor cost: ~$0.005/unit at Zhejiang minimum wage",PARTIAL,"Assembly is the most opaque phase. Factory count, line capacity, and throughput are not publicly reported. FOB price is inferred from UN Comtrade declared customs values and Alibaba/Global Sources OEM platform data. Butane fill weight inferred from product weight and fuel capacity specifications. Sources: CLCA (estimated); Alibaba; UN Comtrade; China NBS; calculated."
3,QA Testing & Certification,Midstream,"Assembled lighter (sealed; gas-filled; uncertified)","Certified lighter bearing ISO 9994 and/or EN 13869 compliance mark (or rejected unit)",Safety and compliance testing (ignition reliability; drop test; fuel leakage; child-resistance; flame height),Days-Weeks,Medium,"Test pass rate per ISO 9994 clause; certification cycle time; cost per SKU","percent pass; days; USD/SKU","ISO 9994:2005/2024 clause-by-clause compliance: ignition test (30,000 cycles); drop test (1.8m onto concrete); fuel leakage test (no leakage at 48°C); flame height limit (≤50mm uncontrolled); EN 13869 child-resistance panel test (80% of test children unable to operate in 5 minutes); mandatory for EU/UK/Canada markets; CPSC 16 CFR Part 1212 for USA","Certified lighters: approximately 94% first-submission pass rate; typical certification cycle 21 days; cost $2,000-$4,000 per SKU per market; rejected units returned or destroyed; certification mark enables market access",POPULATED,"ISO 9994 and EN 13869 are publicly available standards. CPSC 16 CFR Part 1212 (USA child-resistance) is public federal regulation. Test house fee schedules (SGS, Bureau Veritas, TUV) are partially public. Pass rate estimated from CPSC recall history and CLCA member data. This phase is MEDIUM transparency because test results are not published for individual SKUs; only certification marks are consumer-visible. Sources: ISO 9994:2005; EN 13869:2016; CPSC; SGS; Bureau Veritas; estimated."
4,Packaging & Containerization,Midstream,"Certified lighters (bulk trays or display boxes)","Palletized units in sealed 20ft/40ft shipping containers (HS 9613.10 or 9613.20)",Retail packaging; carton assembly; palletization; container loading,Days,Medium,"Units per 40ft container; packaging cost per unit; container load factor","units/FEU; USD/unit; percent container utilization","Retail display box graphics and legal text (WARNING; age restriction; country of origin); barcode/EAN compliance; carton strength (BCT minimum for stacking); pallet configuration (100×120cm EURO or 48×40in USA); container loading sequence; IMO dangerous goods classification for butane-filled lighters (Class 2.1; Packing Group II)","Approximately 2,000,000 lighter units per 40ft FEU (7.8×4.2×1.4cm per unit; display box overhead; carton; pallet); container freight rate: $2,900-$3,200/FEU Shanghai to major ports mid-2024; packaging cost: $0.008/unit; dangerous goods documentation (IMDG Class 2.1)",POPULATED,"Container freight rates are publicly published (Drewry WCI; Freightos Baltic Index). Container capacity calculation is deterministic from product dimensions. Dangerous goods classification is public (IMDG Code). Packaging cost is estimated from corrugated paper commodity pricing. Sources: Drewry WCI 2024; Freightos Baltic Index; IMDG Code; ICIS corrugated (estimated); calculated."
5,Ocean Freight & Import,Downstream,"Containerized lighter units (IMDG Class 2.1 DG shipment)","Customs-cleared palletized units at destination port warehouse",Ocean freight; customs declaration (HS 9613); import duty assessment; CPSC/CE compliance verification at border,2-6 Weeks,High,"HS 9613 import volumes by country; declared customs value per unit; import duty paid","units/year; USD/unit declared; USD duty paid","HS 9613.10 (pocket lighters; gas fuelled; non-refillable) vs 9613.20 (pocket lighters; gas fuelled; refillable); mandatory product liability documentation (CPSC for USA; CE mark for EU); country of origin labeling; IMDG compliance documentation; import duty: US 3.9% MFN; EU 2.7% MFN","USA lighter imports: approximately 3 billion units/year; declared value ~$0.15/unit; total declared import value ~$450M/year. EU imports ~$380M/year. Total China lighter exports ~10 billion units/year to 150+ countries",POPULATED,"This is the highest transparency phase. UN Comtrade provides country-level HS 9613 import/export data freely (public). US Census Bureau AES and Panjiva customs manifests provide shipper-level detail. EU Eurostat provides EU-27 data. Import duty rates are published in national tariff schedules. Sources: UN Comtrade HS 9613; US Census Bureau; Panjiva; Freightos Baltic Index; US CBP HTS 9613.10; EU Eurostat."
6,Wholesale Distribution,Downstream,"Customs-cleared palletized units at importer warehouse","Individual display units delivered to retail store back-room or shelf-ready",Regional warehousing; pick-and-pack; last-mile logistics; custody transfer to retailer,Days-Weeks,Medium,"Units distributed per warehouse per day; distributor margin percent; cost per unit","units/day; percent; USD/unit","Retailer shelf-ready packaging specification; minimum order quantity (MOQ); payment terms (net 30/60); product liability insurance requirement; FIFO stock rotation protocol; SKU rationalization (typically 2-4 lighter SKUs per retail format); distributor exclusivity terms","Distributor gross margin: approximately 22% in US convenience channel (NACS SOTI 2023); distribution cost per unit: ~$0.03; wholesale price to retailer (generic): ~$0.45/unit; wholesale price (BIC): ~$0.90/unit",PARTIAL,"Wholesale distribution economics are partially disclosed through NACS State of the Industry annual report (convenience channel) and NielsenIQ retail trade data (subscription). Individual distributor economics are proprietary. Margin data is category-level, not SKU-level. Sources: NACS SOTI 2023; estimated; inferred."
7,Retail,Downstream,"Individual display units on retail shelf","Consumer-held lighter (end use begins)",Sale to end consumer; custody transfer; brand premium realization,Continuous,High,"Retail price point (generic vs branded); retail margin percent; units sold per store per week","USD/unit; percent; units/store/week","Retail price management: everyday low price (EDLP) in mass market vs high-low in convenience; minimum advertised price (MAP) policy enforced by BIC for branded product; child-resistant packaging requirement at point of sale (CPSC 16 CFR 1212); age restriction signage (USA: no legal restriction; UK: voluntary 18+ scheme)","Generic lighter retail price: $0.89 (US mass market); BIC Classic: $1.49 (US C-store); retail margin 38% (NACS SOTI 2023); BIC brand premium: $0.60/unit (67% over generic); BIC sells approximately 1.5 billion branded units globally per year (BIC Annual Report 2023)",POPULATED,"Retail prices are directly observable (Amazon; Walmart; convenience store shelf). BIC Group publishes annual unit sales and revenue by segment in its Annual Report (public company; listed Euronext Paris). NACS publishes category margin data annually. US Census retail trade data provides channel-level volumes. This is the highest transparency phase alongside Phase 5. Sources: BIC Group Annual Report 2023; NACS SOTI 2023; direct observation; US Census retail trade."
8,End-of-Life & Waste Management,Post-market,"Consumer-held lighter (butane depleted or partially depleted; post-use)","Landfill/incineration waste stream (>99% of units) OR trace-level recovered material fraction (<1%)","Disposal to municipal solid waste (overwhelmingly); OR material recovery (marginal: small-scale PP or steel separation where infrastructure exists)",Continuous,Medium,"Lighter recycling diversion rate (percent of units NOT going to landfill); estimated PP plastic waste generated per year (MT); estimated butane venting to atmosphere per year (MT CO2e)","percent diverted from landfill; MT PP/year; MT CO2e/year","Residual butane hazard: CPSC guidance classifies lighters with remaining fuel as hazardous household waste — consumer must exhaust fuel before disposal; DOT 49 CFR Part 173 designates butane-filled lighters as Class 2.1 hazardous materials for transport; no municipal recycling stream in any major market accepts butane-filled lighters; PP body (Resin ID Code 5) is technically recyclable but excluded from curbside programs due to small size and butane contamination risk; France EPR (CITEO REP emballages 2022) is the only national EPR framework covering lighter packaging — device itself remains outside EPR scope globally; California DTSC classifies lighter with residual fuel as hazardous waste; EU Battery Regulation (2023) does not cover lighter waste; no global lighter producer take-back program exists","ACTUAL OUTPUT: <1% recycling rate; >99% to landfill or incineration. THEORETICAL RECOVERABLE MATERIAL: 50,000 MT PP/year (10B units × 5g PP body); 5,000 MT steel/year (spring + valve components); 1,500 MT ferrocerium/year. EMISSIONS: approximately 14,500 MT CO2e/year from residual butane venting at disposal (10B units × 0.5g residual butane × 2.9 kg CO2e/kg butane). SCALE: 10 billion lighters enter waste stream per year; cumulative plastic waste from lighter bodies alone estimated at 50,000 MT PP/year indefinitely",PARTIAL,"End-of-life is the most critical sustainability gap in the lighter supply chain and the PRIMARY CHAIN BOTTLENECK (balance score 56.7%). Transparency is MEDIUM: waste volumes are calculable from production data (public); regulatory framework is public; but actual per-country disposal pathways and recycling rates are estimated/inferred because no systematic data collection exists for lighter-specific waste. The lighter fails the circular economy test at every level: no take-back; no compatible recycling infrastructure; no refillable default pathway for non-refillable variants; no EPR obligation for the device (only France covers packaging); and the presence of residual butane makes the unit a hazardous waste in most jurisdictions. Sources: CPSC disposal guidance; DOT 49 CFR Part 173; Ellen MacArthur Foundation single-use plastics data; CITEO France; California DTSC; ISO 14040 LCA methodology; estimated from production volumes."
