phase_id,phase_name,phase_category,physical_state,primary_transformation,typical_time_scale,transparency_level,D_parameters,C_parameters,balance_target,energy_base
0,Geological Occurrence & Prospecting,Pre-supply,In situ,None,Years,Medium,"D1:ore_grade_threshold|D2:geological_certainty|D3:exploration_cost_limit|D4:regulatory_constraints","C1:survey_technology|C2:data_sharing|C3:exploration_partnerships|C4:market_information",0.75,10.0
1,Mine Extraction,Upstream,Ore,Mechanical,Continuous,High,"D1:ore_grade_actual|D2:extraction_method_spec|D3:safety_standards|D4:environmental_regulations|D5:production_capacity","C1:equipment_suppliers|C2:labor_flexibility|C3:energy_sources|C4:transportation_options|C5:market_access",0.85,8.0
2,Ore Processing & Concentration,Upstream,Concentrate,Chemical,Hours-Days,High,"D1:recovery_rate_target|D2:process_specifications|D3:purity_standards|D4:throughput_capacity|D5:waste_management","C1:chemical_suppliers|C2:technology_integration|C3:water_sources|C4:byproduct_markets|C5:information_systems",0.90,6.0
3,Doré Production,Midstream,Doré bars,Thermal,Days,Medium,"D1:dore_purity_range|D2:smelting_protocols|D3:bar_weight_specs|D4:quality_control","C1:refinery_network|C2:transport_providers|C3:assay_services|C4:trade_relationships",0.70,12.0
4,Refining,Midstream,Fine gold,Chemical,Days-Weeks,Medium,"D1:fineness_standard|D2:accreditation_requirements|D3:refining_capacity|D4:process_control|D5:waste_recovery","C1:client_base|C2:equipment_vendors|C3:certification_bodies|C4:market_integration|C5:technology_adoption",0.75,10.0
5,Bar Casting & Assay,Midstream,Standard bars,Certification,Hours-Days,Medium-High,"D1:bar_specifications|D2:assay_precision|D3:serial_protocols|D4:storage_standards|D5:quality_rejection_limits","C1:exchange_relationships|C2:vault_network|C3:transport_logistics|C4:documentation_systems",0.80,8.0
6,Logistics & Vaulting,Downstream,Bullion,Custodial,Days,Low,"D1:vault_capacity|D2:security_protocols|D3:insurance_requirements|D4:custody_standards|D5:jurisdictional_compliance","C1:vault_network_size|C2:transport_flexibility|C3:insurance_access|C4:client_access|C5:information_opacity",0.50,20.0
7,Exchange Registration,Downstream,Deliverable bullion,Legal,Daily,High,"D1:exchange_standards|D2:registration_requirements|D3:warehouse_specifications|D4:delivery_protocols|D5:contract_terms","C1:market_participants|C2:clearing_systems|C3:information_transparency|C4:settlement_flexibility|C5:global_integration",0.85,7.0

