record_id,phase_id,metric_name,metric_value,unit,source_type,source_name,custodian,data_status,notes
1,0,employment_burkina_faso,3000000,persons,public,FAO 2017 Chen,,POPULATED,"Shea industry; full sector."
2,0,share_women_collection_only,0.94,ratio,public,FAO 2017 Chen,,POPULATED,"94% women in collection only."
3,0,season_start,,,public,,,OPAQUE,"Month/week; not specified."
4,0,season_end,,,public,,,OPAQUE,"Month/week; not specified."
5,0,season_duration_months,5,months,public,US AID 2013 Lovett,,POPULATED,"May to October."
6,0,volume_collected_per_actor,,MT or kg,public,,,OPAQUE,"Per collector per season: not in source."
39,0,pilot_farmers_koul_senegal,50,persons,confidential,Acorn Project Summary 080523,,POPULATED,"Existing farmer participants in Koul pilot (Senegal)."
40,0,potential_participants_senegal_10y,100000,persons,confidential,Acorn Project Summary 080523,,POPULATED,"Potential additional participants in next 10 years (Senegal)."
41,0,additionality_barrier_finance,,,confidential,Serious Shea Additionality Assessment,,POPULATED,"Barrier: limited access to financial resources (phase 0/1)."
42,0,additionality_barrier_expertise,,,confidential,Serious Shea Additionality Assessment,,POPULATED,"Barrier: limited technical expertise for agroforestry."
43,0,additionality_barrier_land,,,confidential,Serious Shea Additionality Assessment,,POPULATED,"Barrier: degraded soils, erosion, land tenure."
44,0,additionality_barrier_markets,,,confidential,Serious Shea Additionality Assessment,,POPULATED,"Barrier: lack of market opportunities."
7,1,income_sellers_per_MT_dry_kernel,150,US$/MT,public,US AID 2013 Lovett,sellers,POPULATED,"Dry kernel equivalent."
8,1,price_nuts_per_MT,425,US$/MT,public,Rousseau et al. 2015,,POPULATED,"250 CFA/kg; 0.0017 CFA:1 US$; 2013."
9,1,price_nuts_per_kg,250,CFA/kg,public,Rousseau et al. 2015,,POPULATED,"End 2013."
10,2,income_traders_per_MT,250,US$/MT,public,US AID 2013 Lovett,traders,POPULATED,"Dry kernel equivalent."
11,2,income_large_exporters_per_MT_min,250,US$/MT,public,US AID 2013 Lovett,large_exporters,POPULATED,"Range 250-800."
12,2,income_large_exporters_per_MT_max,800,US$/MT,public,US AID 2013 Lovett,large_exporters,POPULATED,"Range 250-800."
13,3,conversion_bags_per_MT,12,bags/MT,public,US AID 2013 Lovett,,POPULATED,"Whole fruits or kernels; ambiguity in source."
14,3,processing_bags_per_woman_per_month,7,bags/month,public,US AID 2013 Lovett,women_processors,POPULATED,
15,3,processing_MT_butter_per_woman_per_month,0.53,MT/month,public,US AID 2013 Lovett,women_processors,POPULATED,"From 7 bags."
16,3,butter_from_7_bags_kg,187,kg,public,US AID 2013 Lovett,women_processors,POPULATED,
17,3,butter_per_woman_per_season_kg,925,kg/season,public,US AID 2013 Lovett,women_processors,POPULATED,"5 months x 187 kg."
18,3,energy_source_BAU,,,public,,,OPAQUE,"Firewood implied; not quantified."
37,3,firewood_kg_per_kg_butter_BAU,20,kg wood/kg butter,confidential,Serious Shea BPlan V8 2023,,POPULATED,"BAU: 20 kg firewood per 1 kg shea butter (driving deforestation)."
19,3,energy_source_Serious_Shea,100% renewable,,public,Clarity/Cleo outline,women_groups,POPULATED,"No firewood."
20,3,CO2e_per_kg_butter_BAU,10.374,kg CO2e/kg,public,Clarity/Cleo outline,,POPULATED,"Formation and transport."
21,3,CO2e_per_kg_butter_Serious_Shea_max,0.5187,kg CO2e/kg,public,Clarity/Cleo outline,,POPULATED,"<5% of BAU."
22,4,export_volume_region_tonnes_min,265000,t/year,public,Yinug & Fetzer 2008,,POPULATED,"West Africa total."
23,4,export_volume_region_tonnes_max,445000,t/year,public,Yinug & Fetzer 2008,,POPULATED,"West Africa total."
24,4,export_value_burkina_faso_min,90000000,US$/annum,public,FAO 2017 Chen,,POPULATED,"90-200M range."
25,4,export_value_burkina_faso_max,200000000,US$/annum,public,FAO 2017 Chen,,POPULATED,"90-200M range."
26,4,share_consumed_in_region,0.5,ratio,public,Lovett 2004b; US Aid 2010,,POPULATED,"Est 50%; range 41-57%."
27,4,export_route,,,public,,,OPAQUE,"Origin-destination legs not in source."
28,5,shea_content_cleo_body_cream,0.95,ratio,public,Clarity/Cleo outline,,POPULATED,"95% shea per jar."
29,5,energy_cleo,100% renewable,,public,Clarity/Cleo outline,,POPULATED,
30,5,manufacturing_location,,,public,,,OPAQUE,"Not stated."
31,5,throughput_volume,,MT or units/year,public,,,OPAQUE,"Not in source."
38,3,processing_throughput_serious_shea_senegal_agrofood,3774,MT/year,confidential,Serious Shea BPlan V8 2023,,POPULATED,"Total agro-food processed p.a. (shea, mango, moringa, baobab) at 26 facilities."
32,6,retail_sku_sizes_ml,"30,50,100",ml,public,Clarity/Cleo outline,,POPULATED,"Cleo body butter."
33,6,retail_price_30g,30,US$/30g,public,Clarity/Cleo outline,,POPULATED,"Cleo."
34,6,retail_price_per_g,1,US$/g,public,Clarity/Cleo outline,,POPULATED,"30 US$/30g."
35,6,Serious_Shea_price_to_women_groups_per_MT,4000,US$/MT,public,Clarity/Cleo outline,women_groups,POPULATED,"Current."
36,6,Cleo_value_to_women_per_MT_10pct_share,47500,US$/MT,public,Clarity/Cleo outline,women_groups,POPULATED,"10% share of retail value."
45,4,shea_export_application_chocolate_pct,90,percent,public,Clarity Coalition EP 2023,,POPULATED,"90% of all exported shea butter ends up in chocolate products; exposes C-concentration risk — near-total dependency on a single downstream buyer segment."
46,4,eu_import_standards_renewable_energy_required,1,binary,public,Clarity Coalition EP 2023,,POPULATED,"D-institutional: EU import standards mandate clean/renewable-energy processing for compliant shea. Adds compliance burden at Phase 3→4 boundary; barrier for BAU firewood-based processors. Mirrors EU deforestation regulation (EUDR) risk vector."
47,4,sahel_ingredients_market_potential_2030_eur_billion,50,EUR billion,public,Clarity Coalition EP 2023,,POPULATED,"Projected total Sahel agricultural ingredients market value by 2030. Represents the macro C-contribution ceiling for the region if supply chains are formalised; cited at European Parliament 2023."
