phase_id,phase_name,phase_category,physical_state,primary_transformation,typical_time_scale,transparency_level
0,Raw Material Extraction,Pre-supply,"Butane/LPG in reservoir; PP resin monomer; steel coil; ferrocerium alloy in situ",Chemical/geological extraction,Years,Medium
1,Component Manufacturing,Upstream,"Discrete plastic/metal parts (body halves, valve, nozzle, spring, wheel, flint rod)",Mechanical/thermal forming,Continuous,Low
2,Lighter Assembly,Upstream,Sub-assembled lighter body (sealed; unfilled),Mechanical assembly,Continuous,Low
3,QA Testing & Certification,Midstream,Assembled lighter (untested),Safety/compliance testing (ISO 9994; EN 13869),Days-Weeks,Medium
4,Packaging & Containerization,Midstream,Certified lighters,Packaging; palletization; containerization,Days,Medium
5,Ocean Freight & Import,Downstream,Containerized units (HS 9613),Logistics; customs clearance,2-6 Weeks,High
6,Wholesale Distribution,Downstream,Palletized units,Custody transfer; regional warehousing,Days-Weeks,Medium
7,Retail,Downstream,Individual units at point of sale,Sale to end consumer,Continuous,High
8,End-of-Life & Waste Management,Post-market,"Used lighter (butane depleted or partially depleted; post-consumer)","Landfill/incineration waste stream (>99%); OR trace recovered PP/steel fraction (<1%)",Disposal (overwhelmingly landfill) or material recovery (marginal),Continuous,Medium
